p-a-price-generated,P_price,P_number,X,Y
13.65,13.0,-1152,900430.0594977529,251638.2539212332
12.80,11.85,F1001,870726.7713477551,199950.09785639294
12.85,,F1002,873226.7713477551,199950.09785639294
13.90,14.45,F1003,890276.7712569232,200060.09785639108
13.90,14.05,F1004,895826.7713540248,200060.09785639108
13.85,13.95,F1005,898326.7713540248,200060.09785639108
13.30,13.35,F1006,901426.7713540248,200060.09785639294
12.75,,F1007,903926.7713540248,200060.09785639108
13.35,13.95,F1008,906426.7713540248,200060.09785639108
14.00,13.35,F1009,909526.7713540248,200060.09785639294
12.70,14.45,F1010,912026.7713540248,200060.09785639108
11.95,11.95,F1028,866676.7713477353,187980.09785639434
10.55,8.55,F1014,881976.7713540345,189760.0978563892
11.50,9.1,F1015,912176.7713540345,189760.09785639108
12.70,12.85,F1016,877126.7713540345,189260.0978563892
12.20,12.65,F1017,879626.7713540345,189260.0978563892
12.30,11.75,F1018,885226.7713540345,189260.0978563892
12.35,12.85,F1019,887726.7713540345,189260.0978563892
13.00,13.05,F1020,890226.7713540345,189260.0978563892
13.05,13.25,F1021,893326.7713540345,189260.0978563892
12.45,12.85,F1022,895826.7713540345,189260.09785639108
13.00,13.05,F1023,898326.7713540345,189260.09785639108
13.05,13.05,F1024,901426.7713540345,189260.0978563892
12.55,12.85,F1025,903926.7713540345,189260.09785639108
13.15,13.0,F1026,906426.7713540345,189260.09785639108
12.75,10.85,F1027,914526.7713540345,189260.09785639108
12.50,12.65,F1029,877126.7713540345,178360.09785639108
12.60,12.45,F1031,882126.7713540345,178360.09785639108
12.65,12.45,F1032,885226.7713540345,178360.09785639108
12.15,12.45,F1033,887726.7713540345,178360.09785639108
12.80,12.85,F1034,890226.7713540345,178360.09785639108
12.85,12.85,F1035,893326.7713540345,178360.09785639108
12.25,,F1036,895826.7713540345,178360.0978563892
12.80,12.85,F1037,898326.7713540345,178360.0978563892
12.85,12.85,F1038,901426.7713540345,178360.09785639108
12.35,11.65,F1039,903926.7713540345,178360.0978563892
12.95,12.35,F1040,906426.7713540345,178360.0978563892
13.05,12.75,F1041,912026.7713540345,178460.0978563892
,,F1042,914526.7713540345,178460.0978563892
12.30,,F1043,877095.1306891872,167565.23548911404
12.35,,F1044,879595.1306891872,167565.23548911404
12.40,12.65,F1045,882095.1306891872,167565.23548911404
12.50,12.65,F1046,885195.1306891872,167565.23548911404
12.55,12.45,F1047,887695.1306891872,167565.23548911404
13.05,13.25,F1048,890195.1306891872,167565.23548911404
10.95,10.05,F1049,893176.8757750983,168065.23548911404
,,F1050,898295.1306891872,167565.23548911637
12.70,,F1051,901395.1306891872,167565.23548911404
12.20,,F1052,903895.1306891872,167565.23548911637
12.75,,F1053,906395.1306891872,167565.23548911637
,,F1054,909495.1306891872,167565.23548911404
11.30,,F1055,913676.7713477549,168160.09785639108
11.25,,F1056,826826.7713540345,157750.09786230823
10.80,,F1057,829326.7713540345,157750.09786230823
11.40,,F1058,831826.7713540345,157750.09786230823
11.45,11.95,F1059,834926.7713540345,157750.09786230823
11.55,11.95,F1060,837426.7713540345,157750.09786230823
11.60,11.95,F1061,840526.7713540345,157750.09786230637
11.05,,F1062,843026.7713540345,157750.09786230823
11.70,11.65,F1063,845526.7713540345,157750.09786230823
11.25,11.15,F1064,856926.7713540345,157750.09785639108
11.30,,F1065,859426.7713540345,157750.09785639294
11.90,11.15,F1066,861926.7713540345,157750.09785639294
12.00,11.15,F1067,865026.7713540345,157750.09785639108
12.05,11.15,F1068,867526.7713540345,157750.09785639108
10.65,,F1069,826826.7713540266,152200.09785639294
10.70,,F1070,829326.7713540266,152200.09785639294
11.30,11.45,F1071,831826.7713540266,152200.09785639294
11.35,11.35,F1072,834926.7713540345,152200.09785639294
11.40,11.35,F1073,837426.7713540345,152200.09785639294
11.45,10.45,F1074,840526.7713540345,152200.09785639294
11.50,,F1075,843026.7713540345,152200.09785639294
9.95,6.45,F1076,845376.7713540345,151700.09785639294
11.60,,F1077,848826.7713540345,152200.09785639294
11.05,,F1078,851326.7713540345,152200.09785639294
11.75,11.35,F1079,853826.7713540345,152200.09785639294
11.80,11.15,F1080,856926.7713540345,152200.09785639294
11.25,10.95,F1081,859426.7713540345,152200.09785639294
11.90,10.95,F1082,861926.7713540345,152200.09785639294
11.95,10.95,F1083,865026.7713540345,152200.09785639294
12.05,10.15,F1084,867526.7713540345,152200.09785639294
10.55,6.95,F1085,829326.7713540345,141400.09785638435
11.10,,F1086,831826.7713540345,141400.09785638435
11.15,,F1087,834926.7713540345,141400.09785639294
11.20,,F1088,837426.7713540345,141400.09785639294
11.25,,F1089,840526.7713540345,141400.09785639108
11.35,,F1091,845526.7713540345,141400.09785639294
11.40,,F1092,848826.7713540345,141400.09785639294
10.90,,F1093,851326.7713540345,141400.09785639294
11.50,,F1094,853826.7713540345,141400.09785639294
11.55,,F1095,856926.7713540345,141400.09785639108
11.05,,F1096,859426.7713540345,141400.09785639294
11.65,,F1097,861926.7713540345,141400.09785639294
11.75,6.95,F1098,865026.7713540345,141400.09785639108
12.30,,-1354,876680.0243660904,88430.0978551354
,,-1402,899530.0243804125,54630.09785401995
14.30,,-101,779222.8490053935,302850.0978623068
12.70,,-1114,866580.0243660734,275843.8328020654
10.60,,-1634,759486.7087132342,202199.84592175166
10.60,,-1635,769986.7087132342,202199.84592000497
10.65,,-1636,779665.0213063125,202199.84591840822
10.60,,-1215,793680.0243598031,190200.097856392
10.55,10.95,-1222,806780.0243598031,174093.83279615288
10.85,,-1601,767530.0243598035,172950.0978615236
9.75,10.05,-1621,750930.0243660834,165000.09786152266
10.85,,-1618,761230.0243618675,160500.09786152406
10.45,10.75,-1575,783630.0243598035,159256.36292176455
11.15,11.65,-1236,817980.0243598031,157750.09785639108
,,-1258,822630.0243598031,141400.09785639294
,,-1569,760630.0243598035,117500.09785639342
9.75,,-1563,781580.3214415755,108450.09785667791
11.10,,-1449,798680.0243535234,108350.09785639106
,8.75,-1452,792730.0243598035,96700.09785639316
11.05,,-1453,794030.024359811,91300.09786230682
11.20,12.35,-1549,783230.0243597927,58300.09785640177
11.45,12.35,-1544,783030.0243598035,42700.093708166416
12.20,11.85,-1468,793330.0243598038,41250.09786230589
10.15,10.85,-1528,770980.0243597939,25150.097862305898
,,-1469,825951.8624907489,30841.761969705654
14.20,,-102,781722.8490053935,302850.0978623068
14.10,,-103,784822.8490053935,302850.0978623068
13.10,13.45,-105,789822.8490053935,302850.0978623068
13.00,13.45,-106,792922.8490053935,302850.0978623068
12.90,13.45,-107,795422.8490053935,302850.0978623068
13.80,13.45,-108,798522.8490053935,302850.0978623068
13.85,,-109,801022.8490053935,302850.0978623068
13.95,,-110,807022.8489916639,302850.0978623059
13.90,13.35,-111,809522.8489916639,302850.0978623059
13.80,12.95,-112,812622.8489916639,302843.83280206495
12.10,,-113,815122.8489916639,302850.0978464147
12.80,12.85,-114,817622.8489916639,302843.8327861738
12.70,12.45,-115,820722.8489916639,302856.36290665576
12.00,,-116,823222.8489916639,302850.0978305236
12.05,,-117,825722.8489916639,302856.3628907646
,,-118,836922.8489979439,303050.0978305236
11.55,12.25,-119,839422.8489979439,303050.0978305236
14.10,14.05,-120,841922.8489979439,303050.0978305236
14.20,13.85,-121,845022.8489916641,303043.8327702822
14.30,14.25,-122,847522.8489916641,303043.8327702822
14.20,,-123,854072.8489979439,303050.09783052315
13.25,,-124,856572.8489979439,303043.8327702822
13.15,13.95,-125,859072.8489979439,303050.09783051943
13.25,13.45,-126,862172.8489979437,303050.09783051943
12.55,13.25,-127,864672.8489979437,303050.09783051943
13.35,13.45,-128,867172.8489979437,303050.09783051943
14.35,14.05,-129,870272.8489916641,303050.09783051943
14.40,14.45,-130,872772.8489916641,303050.09783051943
,,-131,875822.8489916641,303050.09783051943
14.45,,-132,879937.8489916641,303050.0978256775
14.40,,-133,883037.8489916641,303050.0978256775
13.45,13.4,-134,885537.8489916641,303050.0978256775
13.35,,-135,888637.8489916641,303050.0978256775
12.55,,-136,891137.8489916641,303050.0978256775
13.20,13.45,-137,893637.8489916641,303050.0978256775
13.15,,-138,896737.8489916641,303050.0978256775
,,-139,900437.8490773293,303050.0978256775
,,-140,899222.8489916638,292200.09783051896
12.85,11.85,-141,896722.8489916638,292193.83277027804
12.95,,-142,893272.8495304547,292193.83277027804
13.05,,-143,889572.8494876218,292200.09783051896
13.15,13.45,-144,886472.8489979435,292193.83277027804
13.20,,-145,883972.8489979435,292200.09783051896
12.60,13.45,-147,878372.8489979435,292200.09783051896
13.30,,-148,875872.8489979435,292200.09783051896
12.35,,-150,864272.8489979338,292200.09783051896
12.95,13.25,-151,861772.8489979338,292206.36289075995
12.90,13.45,-152,858672.848991664,292200.09783051896
12.20,,-153,856172.848991664,292200.09783051896
13.05,13.45,-154,853672.848991664,292200.09783051896
13.10,13.65,-155,850572.848991664,292206.36289075995
12.30,,-156,848072.848991664,292200.09783051896
13.05,13.45,-157,845572.848991664,292206.36289075995
12.15,13.45,-159,839772.848991664,292300.09783051896
12.10,11.95,-160,837272.848991664,292300.09783051896
,,-161,825722.8489916639,292200.09783051815
11.05,12.25,-162,823222.8489916639,292200.0978305185
12.45,12.45,-163,820722.8489916639,292200.0978146277
12.50,,-164,817622.8489916639,292200.0978146277
11.85,9.85,-165,815122.8489916639,292200.0978146277
12.65,12.95,-166,812622.8489916639,292200.09779873653
12.75,12.95,-167,809522.8489916639,292200.09779873653
12.00,,-168,807022.8489916639,292200.09779873653
12.80,13.15,-169,804522.8489916639,292200.09779873653
12.60,13.45,-170,795422.8490053935,292200.0978146286
12.70,12.75,-171,792922.8490053935,292206.3628748696
12.05,13.25,-173,786972.8490053935,292200.0978146286
12.90,13.45,-174,784822.8490053935,292200.0978146286
13.00,13.45,-175,781722.8490053935,292206.3628748696
,,-177,776722.8490053935,292206.36287493666
11.35,13.25,-176,779222.8490053935,292200.0978146957
,,-178,776722.8490053935,286800.09781469475
12.90,,-179,779222.8490053935,286800.09781469475
12.85,12.75,-180,781722.8490053935,286800.0978146277
12.75,,-181,784822.8490053935,286800.0978146277
12.60,,-183,789822.8490053935,286800.0978146277
12.50,,-184,792922.8490053935,286800.0978146277
12.45,12.75,-185,795422.8490053935,286800.0978146277
12.65,,-186,804522.8489916639,286800.0978146277
11.85,,-187,807022.8489916639,286800.09779873653
12.55,12.45,-188,809522.8489916639,286800.09779873653
12.50,,-189,812622.8489916639,286800.09779873653
11.70,,-190,815122.8489916639,286800.0977828454
12.35,,-191,817622.8489916639,286800.0977828454
12.25,,-192,820722.8489916639,286800.09778284543
12.35,,-194,825722.8489916639,286800.0977669543
10.30,,-195,837572.848991664,286800.0977669543
12.00,,-196,839772.848991664,286800.0977669543
12.05,,-197,842272.848991664,286800.0977669543
12.15,,-198,845572.848991664,286800.0977669543
12.20,,-199,848072.848991664,286800.0977669543
12.95,,-1100,850380.0243598032,286800.0977669543
12.85,,-1101,853480.0243598032,286800.0977669543
12.05,,-1102,855980.0243598032,286800.0977669543
12.75,,-1103,858480.0243598032,286800.0977669543
12.80,,-1104,861580.024366073,286800.0977669543
12.95,12.45,-1106,866580.024366073,286800.0977669543
13.15,,-1107,875680.0243660826,286800.09776695335
13.15,12.95,-1109,880680.0243660826,286800.09776695335
11.55,12.95,-1110,883780.0243660826,286800.09776695335
11.50,12.45,-1111,886280.0243660826,286800.09776695335
11.30,11.7,-1113,890022.892477261,280005.6048295005
12.65,11.75,-1115,864080.0243660734,275856.3629225473
12.55,11.95,-1116,861580.0243660734,275850.09786230634
12.50,11.95,-1117,858480.0243598036,275856.3629225473
11.85,11.75,-1118,855980.0243598036,275850.09786230634
12.60,,-1119,853480.0243598036,275850.09786230634
12.65,,-1120,850380.0243598036,275850.09786230634
11.95,,-1121,847880.0243598036,275843.8328020654
10.15,7.4,-1122,845380.0243598036,275843.8328020654
11.85,,-1123,842080.0243598036,275850.09786230634
11.80,11.75,-1124,839580.0243598036,275843.8328020654
12.40,,-1125,837080.0243598036,275850.09786230634
12.25,10.25,-1127,838126.3688098133,268967.9210034058
12.20,11.95,-1676,795080.0243735326,275850.0978623059
12.25,12.45,-1677,792580.0243735326,275850.0978623059
11.70,12.25,-1679,786980.0243735326,275850.0978623059
12.45,,-1680,784130.0243735326,275850.0978623059
,,-1681,781380.0243735326,275850.0978623059
18.50,,-1682,776530.0247098343,275850.0978623059
11.40,11.35,-1659,793603.5185773921,266162.91080732556
12.15,11.4,-1661,793603.5185773921,271162.91080732556
10.15,,-1670,817280.0243598033,276350.0978470988
11.45,10.25,-1671,815080.0243598033,276350.0978470988
12.20,11.45,-1672,812580.0243598033,276350.0978470988
12.30,11.45,-1673,809480.0243598033,276350.09786298993
11.65,,-1674,807030.0243597963,276350.0978622521
12.35,11.45,-1675,804480.0243598033,276350.09786298993
12.00,,-1669,824242.1814384849,272186.2147188915
11.95,10.95,-1668,824242.1814384849,269686.2147188915
12.25,11.45,-1662,804480.0243598033,270950.09789123834
11.55,,-1663,806980.0243598003,270950.0978753472
12.15,10.45,-1664,809480.0243598003,270950.0978753472
12.10,,-1665,812580.0243598003,270950.09789123834
11.35,,-1666,815080.0243598003,270950.0978753472
10.25,,-1667,817268.2239624126,270386.2668241177
11.90,12.45,-1188,823821.6169610169,254773.4903410674
11.85,,-1189,824329.7140578051,259481.23826805045
11.80,,-1190,820629.7140149722,259481.23826805045
,,-1191,817406.7140578051,259481.23826805045
11.75,,-1192,814906.7140578051,259481.23826805045
11.85,11.95,-1193,812406.7140578051,259481.23826805045
11.90,11.45,-1194,809306.7140578051,259481.23826805045
11.30,11.25,-1195,806806.7140578051,259481.23826805045
11.95,,-1196,804306.7140578051,259481.23826805045
12.10,12.45,-1128,837072.2170549902,264424.1627603582
12.25,12.35,-1130,842072.2170549902,264424.1627603582
12.30,,-1131,845172.2170549902,264424.1627603582
12.35,,-1132,847672.2170549902,264424.1627603582
,,-1133,850172.2170549902,264424.1627603582
12.40,,-1134,853472.2170549902,264424.1627603582
11.95,,-1135,855972.2170549902,264424.1627603582
12.45,11.95,-1136,858472.2170549902,264424.1627603582
12.55,,-1137,861572.2170612599,264424.1627603582
12.60,,-1139,866572.2170612599,264424.1627603582
12.75,12.05,-1140,876212.1002834087,265903.8865121604
12.80,11.75,-1141,878496.5990141927,265897.6214519195
12.90,12.25,-1144,876774.6083544,257058.28447715237
12.75,,-1145,875509.3320841796,251892.40161981396
12.30,,-1146,878009.3320841796,251892.40161981396
12.85,,-1147,880509.3320841796,251892.40161981396
12.90,,-1148,883558.4715770587,251892.40161981396
13.00,,-1149,886058.4715770587,251892.40161981396
11.75,,-1150,888579.1989906329,251637.9962971472
11.75,,-1151,897630.0594977529,251644.26135738817
13.35,13.85,-1154,905430.0594977528,251638.2539212332
14.05,14.05,-1155,908530.0594977529,251644.51898147416
12.70,10.75,-1156,913873.9620115069,241407.056125742
12.65,13.05,-1157,911373.9620115069,241413.32118598296
13.20,13.25,-1158,908873.9620115069,241407.056125742
13.15,,-1159,905773.962011507,241407.056125742
12.50,,-1160,903273.962011507,241407.056125742
13.05,13.25,-1161,900773.962011507,241407.056125742
13.00,13.25,-1162,897673.962011507,241407.056125742
12.40,13.25,-1163,895173.962011507,241407.056125742
12.90,13.45,-1164,892673.962011507,241407.056125742
12.25,13.25,-1166,887073.962011507,241407.056125742
12.75,13.25,-1167,884573.962011507,241407.056125742
12.15,12.55,-1169,878973.962011507,241407.056125742
12.55,12.75,-1171,873373.962011507,241413.32118598296
12.60,12.75,-1170,876473.962011507,241407.056125742
12.00,11.55,-1172,870873.962011507,241407.056125742
12.45,12.75,-1173,868373.962011507,241407.056125742
11.30,10.25,-1174,865273.962011507,241407.056125742
12.10,,-1176,864006.832084179,253504.89835824762
12.55,,-1177,861506.832084179,253511.16341848858
12.50,,-1178,858406.8320686269,253504.89835824762
11.95,,-1179,855906.8320696022,253504.89835824762
12.40,,-1180,853406.8320705775,253504.89836166464
12.95,11.75,-1181,850106.8320686269,253504.89836166464
12.90,13.75,-1182,847606.8320696022,253504.89836166464
12.20,12.85,-1183,842006.8320686269,253504.89836166464
12.15,13.05,-1184,839506.8320696022,253504.89836166464
12.10,,-1185,836406.8320686269,253504.89836166464
12.10,13.25,-1186,833906.8320696022,253504.89836166464
9.20,,-1637,787321.4574960275,201410.0239984451
10.60,,-1638,789521.4574960275,201410.0239984451
10.65,,-1639,792621.4574960275,201410.0239984451
10.70,,-1640,795121.4574960275,201410.0239984451
10.75,,-1641,794618.837072638,206229.9488117379
10.80,,-1642,794618.837072638,208729.9488117379
10.85,,-1643,794618.837072638,211829.9488117379
10.45,,-1644,794618.837072638,214329.9488117379
10.95,,-1645,794618.837072638,216829.9488117379
10.55,,-1647,794618.837072638,222429.9488117379
11.10,,-1648,794618.837072638,224929.9488117379
11.15,,-1649,794618.837072638,228629.94881173808
10.75,8.15,-1651,794618.837072638,233629.94881173808
10.75,6.1,-1652,794618.837072638,237029.94880997538
10.80,,-1653,794618.8370726389,239229.94880997585
11.40,,-1654,794618.8370726389,241729.94880997585
11.50,,-1655,794618.8370726389,244829.94880997585
10.95,,-1656,794618.8370726389,247329.94880997585
11.60,,-1657,794618.8370726389,249829.94880997585
11.65,,-1658,794618.8370726389,253279.94880997585
10.90,,-1197,805829.3077630867,233663.08592070694
10.85,,-1198,805829.3077630867,231163.08592070694
11.40,,-1199,805829.3077630867,228663.08592070694
11.30,,-1200,805829.3077630867,224963.08592070677
11.20,,-1202,805829.3077630867,219963.08592070677
11.15,,-1203,805829.3077630867,216863.08592070677
10.60,,-1204,805829.3077630867,214363.08592070677
11.05,,-1205,805829.3077630867,211863.08592070677
11.00,,-1206,805829.3077630867,208763.08592070677
10.95,,-1207,805829.3077630867,206263.08592070677
10.90,,-1208,805829.3077630867,203163.08591905414
10.85,,-1209,805829.3077630867,200663.08591905414
10.80,9.05,-1211,805829.3077630867,195159.32085881298
10.90,,-1622,751930.0243597833,167200.09786152266
10.50,11.05,-1631,751930.0243597833,191500.09786152266
11.00,,-1632,751930.0243597833,194600.0978563841
,,-1633,751930.0243597833,197100.0978563841
10.45,,-1609,762230.0243598035,191650.09786152313
10.00,,-1610,762230.0243598035,189150.0978615236
10.35,,-1611,762230.0243598035,186650.0978615236
10.30,,-1614,762230.0243598035,178550.0978615236
10.35,,-1617,762230.0243598035,170450.0978615236
10.40,,-1602,767530.0243598035,175450.0978615236
10.35,,-1603,767530.0243598035,178550.0978615236
9.95,,-1604,767530.0243598035,181050.0978615236
10.35,,-1606,767530.0243598035,186650.0978615236
10.35,,-1605,767530.0243598035,183550.0978615236
10.05,,-1607,767530.0243598035,189150.0978615236
10.40,,-1608,767530.0243598035,191650.0978615236
10.15,,-1577,783630.0243598035,164856.36292176455
10.70,,-1578,783630.0243598035,167350.0978615236
10.55,11.45,-1584,783630.0243598035,183550.0978615236
10.50,,-1585,783630.0243598035,186650.0978615236
10.45,12.05,-1587,783630.0243598035,191650.09786152313
10.50,,-1588,778330.0243598035,191650.09786152313
10.10,,-1589,778330.0243598035,189150.0978615236
10.50,11.75,-1593,778330.0243598035,178550.0978615236
10.55,,-1596,778330.0243598035,170450.0978615236
10.60,,-1597,778330.0243598035,167350.0978615236
10.45,,-1598,778330.0243598035,164850.0978615236
10.50,,-1599,778330.0243598035,162350.0978615236
10.65,,-1216,793680.0243598031,184900.09785639387
10.75,,-1218,798680.0243598031,184900.09785639387
10.80,,-1219,801780.0243598032,184900.09785639387
9.80,,-1220,804280.0243598032,184900.09785639387
,,-1221,806780.0243598032,184893.83279615288
10.25,,-1212,801780.0243598032,190193.83279615102
10.15,,-1214,796180.0243598031,190193.83279615102
10.50,,-1223,804280.0243598031,174100.09785639387
11.00,,-1224,801780.0243598031,174093.83279615102
10.95,,-1225,798680.0243598031,174100.097856392
10.85,,-1227,793680.0243598031,174100.097856392
10.85,,-1228,793680.0243598031,168550.09785639387
10.95,11.65,-1230,798680.0243598031,168550.09785639387
11.00,11.65,-1231,801780.0243598031,168550.09785639387
10.50,,-1232,804280.0243598031,168550.09785639387
11.10,11.65,-1233,806780.0243598031,168550.09785639387
11.20,12.15,-1234,809880.0243598032,168550.09785639387
10.65,10.35,-1235,812380.0243598032,168550.09785639387
11.05,11.65,-1237,814880.0243598031,157750.09785639105
10.55,11.95,-1238,812380.0243598031,157750.09785639105
11.00,12.15,-1239,809880.0243598031,157750.09785639105
10.90,11.65,-1240,806780.0243598031,157750.09785639105
10.40,,-1241,804280.0243598031,157743.83279615006
10.85,11.65,-1242,801780.0243598031,157743.83279615006
10.30,11.65,-1244,796180.0243598031,157743.83279615006
10.70,11.35,-1245,793680.0243598031,157750.09785639105
10.60,,-1246,793680.0243598031,152200.09370816645
10.70,,-1248,798849.8780463923,152200.09370816645
10.75,,-1249,801765.2576107247,152081.0385307529
10.30,,-1250,804280.0243598031,152081.9136420271
10.85,,-1251,806780.0243598031,152081.9136420271
10.85,,-1252,809880.0243598031,152081.9136420271
10.45,,-1253,812380.0243598031,152081.9136420271
10.95,,-1254,814880.0243598031,152081.9136420271
11.00,,-1255,817930.0243660827,152081.9136420271
11.05,,-1256,820430.0243660827,152081.9136420271
,,-1257,822767.2668200949,151822.53401073618
10.85,,-1259,820430.0243598031,141400.09785639294
10.85,,-1260,817930.0243598031,141400.09785639294
10.80,,-1261,814880.0243598031,141400.09785639294
10.30,,-1262,812380.0243598031,141400.09785639294
10.70,,-1263,809880.0243598031,141400.09785639294
10.65,,-1264,806780.0243598031,141400.09785639294
10.20,,-1265,804280.0243598031,141400.09785639294
10.60,,-1266,801780.0243598031,141400.09785639294
10.05,,-1268,796180.0243598031,141400.09785639294
10.45,,-1269,793680.0243598031,141400.09785639294
10.50,,-1270,793680.0243598031,135850.0978563948
10.55,,-1272,798680.0243598031,135850.0978563948
10.65,,-1273,801780.0243598031,135850.0978563948
10.20,,-1274,804280.0243598031,135850.0978563948
10.65,,-1275,806780.0243598031,135850.0978563948
10.60,,-1276,809880.0243598031,135850.0978563948
10.20,,-1277,812380.0243598031,135850.0978563948
10.70,,-1278,814880.0243598031,135850.0978563948
10.75,,-1279,817980.0243598031,135850.0978563948
10.80,,-1280,820480.0243598031,135850.09785639294
9.40,,-1281,822680.0243598031,134850.09785639294
10.90,,-1282,826680.0243660827,135850.09785639247
10.45,,-1283,829180.0243660827,135850.09785639247
10.50,,-1284,831680.0243660827,135850.09785639247
11.00,,-1285,834980.0243660827,135850.09785639247
11.05,,-1286,837480.0243660827,135850.09785639247
11.10,,-1287,840680.0243660827,135850.09785639247
11.20,,-1289,845680.0243660827,135850.09785639247
11.30,,-1290,848880.0243660827,135850.09785639247
10.80,,-1291,851380.0243660826,135850.09785639247
11.40,,-1292,853880.0243660826,135850.09785639247
11.45,,-1293,856980.0243660826,135850.0978563927
10.90,,-1294,859480.0243660826,135850.0978563927
11.55,,-1295,861980.0243660826,135850.0978563927
11.60,,-1296,865080.0243660826,135850.0978563927
,,-1297,867580.0243660826,135850.0978563927
11.40,,-1298,867580.0243660826,124800.09785639083
11.40,,-1299,865080.0243660826,124800.09785639083
11.35,,-1300,861980.0243660826,124800.09785639083
10.80,,-1301,859480.0243660826,124800.09785639083
11.25,,-1302,856980.0243660826,124800.09785638897
11.20,,-1303,853880.0243660848,124800.09370816413
10.65,,-1304,851380.0243660826,124800.09370816413
11.10,,-1305,848880.0243660826,124800.09370816413
10.55,,-1307,843180.0243660826,124800.09370816413
10.95,,-1308,840680.0243660826,124800.09370816227
10.90,,-1309,837480.0243660826,124800.09370816413
10.45,,-1310,834980.0243660804,124800.09785639083
10.50,,-1311,831680.0243660804,124800.09785639269
10.50,,-1312,829180.0243660804,124800.09785639268
11.10,,-1313,826680.0243660804,124800.09785639268
11.00,,-1314,822980.0243598007,124800.09785639268
10.45,,-1315,820480.0243598007,124800.09785639268
10.95,,-1316,817980.0243598007,124800.09785639268
10.85,,-1317,814880.0243598007,124800.09785639454
10.35,,-1318,812380.0243598007,124800.09785639454
10.80,,-1319,809880.0243598007,124700.0978623075
10.85,,-1320,806780.0243598007,124800.09785639454
10.35,,-1321,804280.0243598007,124800.09785639454
10.20,,-1324,796180.0243598007,124800.09785639266
10.80,,-1322,801780.0243598007,124800.09785639268
10.65,,-1325,793680.0243598007,124800.09785639266
10.80,11.55,-1326,793680.0243598007,119400.09786230749
10.85,12.05,-1328,798680.0243598007,119400.09786230749
10.95,12.05,-1329,801780.0243598007,119400.09786230749
10.45,,-1330,804280.0243598007,119400.09786230749
10.95,12.05,-1331,806780.0243598007,119400.09786230749
10.90,12.05,-1332,809880.0243598007,119400.09786230749
10.45,,-1333,812380.0243598007,119400.09786230749
11.00,12.05,-1334,814880.0243598007,119400.09786230749
,,-1335,817980.0243598007,119400.09786230749
10.55,11.85,-1336,820480.0243598007,119400.09786230749
11.10,11.55,-1337,822980.0243598007,119400.09786230749
11.20,12.05,-1338,826680.0243660804,119400.09786230749
10.60,,-1339,829180.0243660804,119400.09786230749
10.55,9.95,-1340,831680.0243660804,119400.09786230749
10.50,10.45,-1341,834980.0243660804,119400.09786230749
11.00,11.25,-1342,837480.0243660804,119400.09786230749
11.05,11.25,-1343,840680.0243660804,119400.09786230749
11.15,11.25,-1345,845680.0243660804,119400.09786230749
11.20,11.25,-1346,848682.5528807536,119400.09786230749
10.75,10.05,-1347,851380.0243660804,119400.09786230749
11.30,10.75,-1348,853880.0243660804,119400.09786230749
11.35,10.75,-1349,856980.0243660804,119400.09786230749
10.85,,-1350,859480.0243660804,119400.09786230749
11.40,10.75,-1351,861980.0243660804,119400.09786230749
11.50,10.75,-1352,865080.0243660804,119400.09786230749
11.55,10.75,-1353,867580.0243660804,119400.09786230749
,,-1570,766230.0243598035,117500.09785639342
,,-1571,771830.0243598057,117506.36291663439
10.55,,-1572,779007.0400506944,119164.53308471461
10.60,,-1574,784007.0400506944,119164.53308471461
10.95,,-1564,778630.0243677924,108450.0978566779
11.00,,-1565,776130.0243677924,108450.0978566779
10.95,13.95,-1566,762430.0243660825,108450.0978566779
10.55,,-1567,759930.0243660825,108450.0978566779
11.00,,-1568,757430.0243660825,108450.0978566779
11.05,,-1450,796180.0243535234,108350.09785639106
11.00,,-1451,793680.0243598031,108350.09785639106
,,-1397,914319.0871001409,61495.41176486395
13.30,12.65,-1400,910521.5870988973,57124.09433665404
,,-1401,910521.5870955549,54974.09433665404
13.00,12.65,-1404,899530.0243815007,59630.09785401995
12.95,,-1406,895626.4663059243,60921.84777826088
13.00,11.35,-1407,893126.4663059243,60921.84777825902
12.90,,-1408,889726.4662919034,60921.84777825901
12.25,,-1409,887226.4662919034,60921.847778256684
12.80,13.05,-1410,884726.4662919034,60921.847778256684
12.75,12.85,-1411,881426.4663059243,60915.58271801805
12.10,,-1412,878926.4663059243,60915.58271801898
12.65,,-1413,876426.4663059243,60921.84777825994
12.55,12.85,-1414,873326.4663059243,60915.582718022
12.50,11.35,-1415,870826.4663059243,60921.84777826366
10.40,9.25,-1425,866676.4663059252,89991.84363129565
11.45,,-1426,866676.4663059252,93291.84777952281
11.90,12.55,-1428,866676.4663059252,98291.84777952281
11.85,,-1430,866676.4663059252,103891.84777952328
11.75,10.75,-1431,867576.3481794979,108455.1464735219
11.70,10.75,-1432,865076.3481794979,108455.1464735219
11.60,,-1433,861976.3481794979,108455.14647352377
11.05,10.55,-1434,859476.3481794979,108455.14647352377
11.55,10.55,-1435,856976.3481794979,108455.14647352377
11.45,11.05,-1436,853776.3481794979,108455.14647352377
10.90,,-1437,851276.3481794979,108455.14647352377
11.40,10.45,-1438,848776.3481794979,108455.14647352377
10.80,,-1440,843176.3481794979,108455.14647352377
11.25,,-1441,840676.3481794979,108448.88141328095
11.20,,-1442,837476.3481794979,108448.88141328281
10.70,7.35,-1443,835077.7117633346,109040.41824769609
10.15,,-1444,828877.7117633346,109084.15562599138
11.30,,-1445,820577.7117633345,109040.41824769607
11.25,12.65,-1446,817477.7117633345,109040.41824769793
11.20,12.65,-1447,814977.7117633345,109040.41824769793
11.15,13.35,-1448,812477.7117633345,109040.41824769793
12.40,13.35,-1356,881680.0243660904,88430.0978551354
12.50,,-1357,884780.0243660905,88430.0978551354
12.55,,-1358,887280.0243660905,88430.0978551354
12.60,13.05,-1359,889780.0243660905,88430.0978551354
13.30,,-1360,895380.0243660905,88430.0978551354
13.20,,-1361,897880.0243660905,88430.0978551354
13.15,13.35,-1362,900980.0243660822,88430.09785513542
12.25,,-1363,903480.0243660822,88430.09785513542
12.95,,-1364,905980.0243660822,88430.09785513542
13.70,,-1365,909080.0243660823,88430.09785513542
13.75,,-1366,911580.0243660823,88430.09785513542
,,-1367,914098.3679728067,77817.26238558856
12.90,,-1368,911598.3679728066,77817.26238558856
12.85,,-1369,909098.3679728066,77817.2623855867
12.20,,-1371,903548.3679728066,77817.26238558668
12.70,13.35,-1372,901048.3679728066,77817.26238558668
12.10,13.35,-1374,895448.3679728066,77817.26238558668
12.65,,-1375,892948.3679728066,77817.26238558482
12.60,,-1376,889648.3679728066,77817.26238558668
11.95,,-1377,887148.3679728066,77817.26238558668
12.50,13.15,-1378,884648.3679728066,77817.26238558482
11.85,,-1380,879048.3679728066,77817.26238558479
12.30,,-1381,876548.3679728066,77817.26238558293
12.40,,-1382,876548.3679728066,72517.25823738021
12.50,12.85,-1384,881548.3679728066,72517.25823738021
12.60,12.85,-1385,884648.3679728066,72517.26238560714
12.05,,-1386,887148.3679728066,72517.25823738254
12.70,,-1387,889648.3679728066,72517.25823738254
12.75,11.05,-1388,892948.3679728066,72517.26238560947
12.75,12.35,-1390,898548.3679728067,72517.25823738487
12.85,12.85,-1391,901048.3679728066,72517.26238560947
12.90,12.85,-1393,906048.3679728066,72517.26238558945
13.00,12.85,-1394,909098.3679728066,72517.25823738487
13.05,,-1395,911598.3679728067,72517.26238560947
,,-1396,914098.3679728067,72517.26238560947
10.95,,-1455,794030.024359811,86300.09786230636
10.90,,-1456,794030.024359811,83200.09785639386
10.50,,-1457,794030.024359811,80700.09785639339
10.50,8.15,-1458,794030.024359811,78200.09785639339
11.15,,-1461,794030.024359811,69500.09785639339
11.30,,-1464,794030.024359811,61400.09785639339
11.45,10.35,-1467,794030.0243598012,53300.09785640224
11.05,,-1552,783230.0243597927,66400.09785639292
10.45,9.25,-1555,783230.0243597927,74506.3629166339
10.45,8.95,-1556,783230.0243597927,78200.09785639292
10.40,,-1557,783230.0243597927,80706.3629166339
10.75,,-1558,783230.0243597927,83200.09785639292
10.30,,-1560,783230.0243597927,88800.09786230636
10.30,,-1561,783230.0243597927,91300.09786230682
10.10,,-1529,773480.0243597939,25150.097862305898
11.00,12.85,-1530,775980.0243597939,25150.097862305898
11.05,11.85,-1531,779080.0243597939,25150.097862305898
11.10,12.55,-1533,784080.0243597939,25150.097862305898
,,-1534,784080.0243597939,30550.097862305895
11.20,,-1535,781580.0243597939,30550.097862304032
11.15,13.05,-1536,779080.0243597939,30550.097862304032
11.05,13.05,-1537,775980.0243597939,30550.097862304032
11.15,13.25,-1539,770980.0243597939,30550.097862304025
10.70,,-1538,773480.0243597939,30550.097862304032
11.20,,-1540,767880.0243597939,30550.097862305887
11.20,13.05,-1541,765380.0243597939,30550.097862305887
10.80,,-1542,762280.0243597939,30550.097862305887
,,-1543,760080.0243597939,31550.097862305887
11.40,12.85,-1470,823151.8624907489,30841.761969705654
11.35,,-1471,820651.8624907489,30841.761969705654
11.85,12.85,-1472,818151.8624907489,30841.761969705654
11.80,12.85,-1473,815051.8624907489,30841.761969705654
11.20,,-1474,812551.8624907489,30841.761969705654
11.70,12.65,-1475,810051.8624907489,30841.761969705654
12.25,12.85,-1476,806951.8624907489,30841.761969705654
11.60,12.85,-1477,804451.8624907489,30841.761969705654
11.55,12.85,-1478,801951.8624907489,30841.761969705654
10.90,12.65,-1480,796351.8624907489,30841.761969705654
11.40,12.85,-1481,793851.8624907489,30841.761969705654
11.30,12.05,-1482,793851.8624907489,25541.76196970565
10.80,,-1483,796351.8624907489,25541.757816435118
10.85,,-1484,798851.8624907489,25541.757816435114
10.30,10.85,-1485,801951.8624907489,25541.757816435118
,,-1512,759965.8383847318,8988.141339336746
10.40,13.15,-1513,762165.8383847318,8988.141339336744
11.30,,-1514,765265.8383847318,8988.141339336744
11.25,13.55,-1515,767765.8383847318,8994.406399577707
11.60,13.35,-1516,770865.8383847318,8988.141339336744
11.15,13.15,-1517,773365.8383847318,8994.406399577707
11.60,13.15,-1518,775865.8383847318,8988.141339336744
11.10,,-1519,778965.8383847318,8988.141339336744
11.05,12.85,-1521,783965.8383847318,8988.141339336744
10.60,12.65,-1523,781465.8383847318,14288.141346508859
11.05,12.85,-1524,778965.8383847318,14288.141339336744
11.05,,-1525,775865.8383847318,14288.141339336744
10.25,12.65,-1526,773365.8383847316,14288.14133933674
10.25,10.85,-1527,770865.8383847316,14288.141346506993
11.05,12.85,-1490,793915.8383784523,8988.141339336755
11.15,12.85,-1492,798915.8383784523,8988.141339336755
11.20,13.35,-1493,802015.8383784523,8988.141339336755
11.20,,-1494,804515.8383784523,8988.141339336755
11.60,13.15,-1495,807015.8383784523,8988.141339336755
11.30,13.35,-1496,810115.8383784523,8988.141339336755
10.80,,-1497,812615.8383784523,8988.141339336755
11.40,13.35,-1498,815115.8383784523,8988.141339336755
11.45,13.35,-1499,818215.8383784523,8988.141339336755
10.95,,-1500,820715.8383784523,8988.141339336755
11.00,13.55,-1501,823215.8383784523,8988.141339336755
,,-1502,826815.8383784522,8988.141339336755
11.10,12.85,-1489,793915.8383784523,14288.141339334426
10.25,10.65,-1486,802015.8383784523,14288.14133933443
10.70,,-1487,798915.8383784523,14288.141339336293
10.65,,-1488,796415.8383784523,14288.141339336293
11.20,,-1509,764131.1764828927,-1169.3295585717246
11.50,,-1511,759131.1764828927,-1163.0644983307607
11.90,,-1503,819496.2347168537,-1811.8586606632457
11.85,,-1504,816996.2347168537,-1811.858660663247
11.65,,-1505,814496.2347168537,-1811.8586606632484
11.15,11.55,-1506,790165.8383784523,-1811.8586606632457
11.15,11.85,-1507,787665.8383784523,-1811.8586606632457
11.60,11.75,-1508,784515.8383847318,-1811.8586606632457
10.90,,-1619,758730.0243618675,160500.09786152406
10.95,,-1620,756230.0243618675,160500.09786152406
,,F2001,1076363.4811793375,286400.00752520066
10.65,,F2002,1078863.4811742615,286400.0075249655
10.60,10.45,F2003,1081363.4811742615,286400.0075249655
10.55,,F2004,1084463.4811858942,286400.0075249655
10.50,,F2006,1089463.4811858942,286400.0075249655
10.45,,F2007,1092563.481137075,286400.00752496585
10.45,,F2008,1095063.481137075,286400.00752496585
10.40,,F2009,1098563.481137075,286400.00752496574
10.35,,F2010,1101063.481137075,286400.00752496574
10.35,,F2011,1104213.481137075,286400.00752496574
9.95,9.25,F2012,1106713.481137075,286400.00752496574
10.25,,F2013,1109213.481137075,286400.00752496574
10.25,9.45,F2014,1112313.481137075,286400.00752496574
10.20,8.75,F2015,1114813.481137075,286400.00752496574
,,F2016,1120413.481137075,286400.00752496574
10.15,,F2017,1122913.481137075,286400.00752496574
10.20,,F2018,1125413.481137075,286400.00752496574
10.20,,F2019,1128513.481137075,286400.00752496574
10.30,9.45,F2021,1133513.481137075,286400.00752496574
10.35,,F2022,1136913.4811721651,286400.00752496574
10.45,,F2024,1141913.4811721651,286400.00752496574
10.50,,F2025,1145113.4811721651,286400.00752496574
10.05,,F2026,1147613.4811721651,286400.00752496574
10.55,,F2027,1150113.4811721651,286400.00752496574
10.50,,F2028,1153313.4811721651,286400.00752496574
10.00,,F2029,1155813.4811721651,286400.00752496574
10.40,,F2030,1158313.4811721651,286400.00752496574
10.35,,F2031,1161413.481178435,286400.00752496574
9.35,,F2032,1163913.481178435,286400.00752496574
,,F2033,1166413.481178435,286400.00752496574
10.75,,F2034,1081363.4811658058,275600.0075246924
11.05,,F2035,1084463.4811690364,275600.0075219733
11.05,,F2037,1089463.4811696166,275600.00752551266
10.60,,F2038,1092563.4811690364,275600.0075219733
10.55,,F2039,1095063.4811690364,275600.0075219733
10.55,,F2040,1098563.4811722147,275600.0075219733
10.50,,F2041,1101063.4811722147,275600.0075219733
10.45,,F2042,1104163.4811722147,275600.0075246924
10.10,,F2043,1106663.4811722147,275600.0075246924
10.40,,F2044,1109163.4811658533,275600.0075246924
10.35,9.45,F2045,1112213.4811722504,275600.0075248117
10.65,4.45,F2048,1141913.4811721647,275600.00752496574
10.70,,F2049,1145113.4811721647,275600.00752496574
10.20,,F2050,1147613.4811721647,275600.00752496574
10.75,,F2051,1150113.4811721647,275600.00752496574
10.70,,F2052,1153313.4811721647,275600.00752496574
10.15,,F2053,1155813.4811721647,275600.00752496574
10.60,,F2054,1158313.4811721647,275600.00752496574
10.55,,F2055,1161413.4811721647,275600.00752496574
10.50,,F2056,1163913.4811721647,275600.00752496574
9.95,,F2057,1166413.4811721647,275600.00752496574
,,F2058,1076363.48153925,270300.00759191316
10.60,,F2059,1098563.4811722147,270200.0075218425
10.55,,F2060,1101063.4811722147,270200.0075186987
10.50,,F2061,1104163.4811722147,270200.0075218425
10.15,,F2062,1106663.4811722147,270200.0075218425
10.45,,F2063,1109163.4811722147,270200.0075186987
10.40,8.95,F2064,1112263.481172165,270200.00752211595
9.05,4.05,F2065,1123786.4811721651,269420.00751991937
15.25,,F2066,1161413.4811712962,269500.0075360129
14.00,,F2067,1163913.4811712962,269500.0075360129
,,F2068,1166413.4811712962,269500.0075360129
10.75,10.75,F2069,1133813.4811730345,263500.00752856536
10.80,,F2070,1136913.4811730345,263500.00752856536
10.30,,F2071,1139413.4811730345,263500.00752856536
10.85,,F2072,1141913.481173034,264200.0075360129
,,F2073,1145013.4811712962,264200.0075360129
10.95,,F2074,1147513.4811712962,264200.0075360129
11.00,10.95,F2075,1150013.4811712962,264200.0075360129
10.90,10.95,F2076,1153313.4811565375,264200.0075345772
10.30,,F2077,1155813.4811565375,264200.0075345772
10.80,10.45,F2078,1158313.4811565375,264200.0075345772
,,F2079,1104163.4811721651,259400.00755389783
10.50,,F2080,1106663.4811721651,259400.00755389783
10.45,,F2081,1109163.4811721651,259400.00755389783
10.60,,F2082,1120363.4811721651,259400.00755389783
10.65,10.75,F2083,1122863.4811721651,259400.00755389783
16.30,,F2084,1112263.4815278952,254100.00762084333
16.25,,F2085,1114763.4813983021,254100.0076208431
10.75,,F2086,1123863.4811721651,254600.0075538976
10.45,8.45,F2087,1105563.4811715093,252550.00751696012
11.85,,F2088,1147513.481185728,253400.00753601294
11.85,,F2089,1150013.481185728,253400.00753601294
11.15,,F2090,1153113.4811721654,253400.00753601294
,,F2091,1123863.4811721651,252100.0075538976
16.25,,F2092,1110863.4810741975,249500.00766358615
15.50,,F2093,1110863.4810899554,247000.00766358626
16.15,,F2094,1110863.4811057132,244500.00766358638
16.10,,F2095,1110863.4811057132,241450.00753691242
,,F2096,1095263.4811721395,238750.01885058495
10.60,,F2097,1105563.481172165,238950.0075172912
,,F2098,1105563.481172165,236450.0075172912
10.35,9.65,F2099,1177013.4811784443,178110.00751905257
10.90,11.65,F2101,1182013.4811784443,178110.00751905257
11.00,,F2102,1185113.4811784443,178110.00751905257
10.50,11.45,F2103,1187613.4811784443,178110.00751905257
11.05,11.65,F2104,1190113.4811784443,178110.00751905257
11.15,12.25,F2105,1193213.4811784443,178110.00751905257
10.65,,F2106,1195713.4811784443,178110.0075190507
11.20,,F2107,1198213.4811784443,178110.0075190507
11.30,,F2108,1201313.4811784443,178110.00751905257
10.80,,F2109,1203813.4811784443,178110.0075190507
10.80,,F2110,1206313.4811784443,178110.0075190507
,,F2111,1198213.4811721647,167303.74245881182
11.50,,F2112,1201313.4811721647,167303.74245880972
10.30,,F2113,1203813.4811721647,167310.0075190528
,,F2114,1206313.4811721647,167303.74245881182
10.35,10.65,F2115,1126713.481178444,157500.00752496786
9.95,10.75,F2116,1129213.481178444,157500.00752496786
10.50,10.95,F2117,1131713.481178444,157500.00752496577
10.55,10.95,F2118,1134813.481178444,157500.00752496786
10.55,10.95,F2119,1137313.481178444,157500.00752496786
11.25,,F2122,1145413.6149035722,157493.74246472688
10.35,,F2124,1159251.823117062,157493.74245880972
10.90,10.15,F2125,1161751.823117062,157500.00751905268
11.00,10.15,F2126,1164251.823117062,157500.00751905268
11.00,10.15,F2127,1167351.823117062,157500.0075190507
10.35,,F2130,1131381.5218997414,151950.00751904343
10.45,10.45,F2131,1134885.764307869,151950.00751904343
10.50,10.25,F2132,1137231.5218997416,151950.0075190528
10.55,,F2133,1140433.1971468064,151950.0075190528
10.10,,F2134,1142831.5218997416,151950.0075190528
10.60,7.45,F2135,1145331.5218997416,151950.0075190528
10.65,,F2136,1148654.8054759456,151450.0075190528
10.20,,F2137,1151131.5218997416,151950.0075190528
10.75,10.45,F2138,1153631.5218997416,151950.0075190528
10.80,,F2139,1156780.4615354356,151950.0075190528
10.35,,F2140,1159231.5218997416,151950.0075190528
10.90,,F2141,1161731.5218997416,151943.74245881182
10.95,9.95,F2142,1164686.9181353166,151943.74245881182
11.00,10.15,F2143,1167331.5218997416,151950.0075190528
8.85,5.1,F2145,1131738.1603705937,141150.00751905268
10.25,,F2146,1134952.602008676,141650.00751905268
10.30,,F2147,1137588.1603705932,141150.00751905268
10.35,,F2148,1140577.8511875442,141150.00751905268
10.45,9.65,F2150,1145501.6101559096,141150.00751905268
10.50,,F2151,1148859.5900906485,141150.00751905268
10.05,,F2152,1151488.1603705932,141150.00751905268
10.60,,F2153,1153988.1603705932,141150.00751905268
10.65,8.65,F2154,1156879.8277072918,141150.00751905268
10.15,,F2155,1159588.1603705932,141150.0075190507
10.70,,F2156,1162088.1603705932,141150.00751905268
10.75,,F2157,1164588.1603705932,141150.00751905268
10.65,10.95,F2120,1140413.481178444,157500.00752496786
10.85,,F2123,1156751.823117062,157500.00751904873
9.85,,F2128,1126381.5218997414,151950.00765842354
10.15,7.9,F2144,1128737.7942288988,141143.7424588117
9.90,,-2518,1094816.734184193,205900.00751666512
10.00,,-2511,1059373.4185376444,201949.75558202303
9.60,,-2514,1087366.734184214,200850.00751666466
10.30,11.45,-2499,1051316.734184193,167150.00751579137
9.90,,-215,1101859.5588160737,189950.0075166636
9.80,,-225,1106859.5588160737,173850.0075166656
9.45,,-2479,1067416.7341842132,172700.00752179508
10.95,,-2477,1071867.5118922987,162100.00752179508
10.35,,-2498,1056116.734184201,160250.0075217953
10.30,,-2497,1058616.734184201,160250.0075217953
,,-2496,1061116.734184201,160250.0075217953
9.80,,-2454,1083516.7341842132,161500.00752179508
10.25,10.65,-239,1118172.7248089104,157500.00751666256
9.10,,-2447,1053216.7341842134,145310.0075002885
,,-261,1122859.5588160732,141650.00751666256
9.25,,-2417,1051566.7341842127,129840.00751666517
,,-2420,1060516.7341452858,125250.00750028809
10.60,,-2101,1167466.7341904924,124550.00751666255
9.95,11.55,-2409,1083966.7341922023,107900.0075002871
10.55,,-2387,1082966.734184213,42474.22080348893
11.20,12.45,-2325,1119166.734190493,-1999.992477422155
10.45,8.75,-202,1105809.558573622,227733.23623631676
10.35,,-203,1105809.558573622,224033.23623466396
10.30,8.25,-205,1105809.558816074,219033.23623466396
10.25,,-206,1105809.558816074,215933.23623466396
9.75,,-207,1105809.558816074,213433.23623466396
10.15,,-208,1105809.558816074,210933.23623466396
10.10,,-210,1105809.558816074,205333.23623466396
10.00,,-212,1105809.558573622,199726.97117442297
9.95,,-213,1105809.558573622,196633.2362346636
9.50,7.55,-214,1105809.558573622,194126.97117442262
9.95,,-2519,1094816.734184193,208400.00751666512
10.00,,-2520,1094816.734184193,211500.00751666512
9.60,,-2521,1094816.734184193,214000.00751666512
10.05,,-2522,1094816.734184193,216500.00751666512
9.70,,-2524,1094816.734184193,222100.00751666512
10.20,,-2525,1094816.734184193,224600.00751666512
10.30,7.75,-2527,1094816.734184193,230800.00751831793
9.90,10.65,-2515,1089866.7339417622,200850.00751666466
9.85,9.05,-2516,1092966.733941762,200850.00751666466
9.85,,-2517,1095466.733941762,200850.00751666466
10.00,,-2512,1069873.418780096,201949.75558202303
10.00,,-2513,1079473.4190225478,201949.75558202303
9.55,,-2501,1051316.734184193,172700.0075217945
9.85,,-2502,1051316.734184193,175200.0075217945
9.80,,-2503,1051316.734184193,178300.0075217945
9.80,10.75,-2505,1051316.734184193,183300.0075217945
9.85,10.85,-2506,1051316.734184193,186400.0075217945
9.55,,-2507,1051316.734184193,188900.0075217945
9.90,,-2508,1051316.734184193,191400.0075217945
9.95,,-2509,1051316.734184193,194500.0075217945
,,-2510,1051316.734184193,197000.0075217945
9.75,,-2480,1067416.7341842132,175200.00752179508
9.75,,-2481,1067416.7341842132,178300.00752179508
9.40,,-2482,1067416.7341842132,180800.00752179508
9.75,,-2483,1067416.7341842132,183300.00752179508
9.75,,-2484,1067416.7341842132,186400.00752179508
9.45,,-2485,1067416.7341842132,188900.00752179508
9.85,,-2486,1067416.7341842132,191400.00752179438
9.85,,-2487,1062116.7341842132,191400.00752179438
9.50,,-2488,1062116.7341842132,188900.00752179508
9.75,10.95,-2489,1062116.7341842132,186400.00752179508
9.75,,-2490,1062116.7341842132,183300.00752179508
9.40,,-2491,1062116.7341842132,180800.00752179508
9.70,10.85,-2492,1062116.7341842132,178300.00752179508
9.70,,-2493,1062116.7341842132,175200.00752179508
9.80,,-2495,1062116.7341842132,170200.00752179508
9.45,10.75,-2455,1083516.7341842132,164600.00752179508
9.85,,-2456,1083516.7341842132,167100.00752179508
9.85,10.45,-2459,1083516.7341842132,175200.00752179508
9.75,10.25,-2462,1083516.7341842132,183300.00752179508
9.80,,-2463,1083516.7341842132,186467.23950677502
9.50,,-2464,1083516.7341842132,188900.00752179508
9.85,,-2465,1083516.7341842132,191400.00752179508
9.95,,-2466,1078275.2253017959,191400.0075217945
,,-2453,1083516.7341842132,158400.00752179508
9.55,,-2467,1078275.2253017959,188900.00752179508
9.85,10.85,-2468,1078275.2253017959,186400.00752179508
9.50,10.75,-2470,1078275.2253017959,180800.00752179508
9.75,,-2471,1078275.2253017959,178300.00752179508
9.75,,-2472,1078275.2253017959,175200.00752179508
9.75,,-2474,1078275.2253017959,170200.00752179508
9.85,10.75,-2476,1078275.2253017959,164600.00752179508
9.40,,-217,1096259.5588160737,189950.0075166636
9.80,,-218,1093759.5588160737,189950.0075166636
9.85,,-219,1093759.5588160737,184650.0075166656
9.50,,-221,1098759.5588160737,184643.74245642262
10.00,,-222,1101859.5588160737,184643.74245642262
9.10,,-223,1104361.0512433283,184650.0075166636
,,-224,1106859.5588160737,184643.74245642262
9.75,,-226,1104359.5588160737,173850.0075166656
10.15,,-227,1101859.5588160737,173850.0075166656
9.65,,-229,1096259.5588160737,173850.0075166635
10.00,8.95,-230,1093759.5588160737,173850.0075166635
10.10,10.45,-233,1098759.5588160737,168300.0075166656
10.15,,-234,1101859.5588160737,168300.0075166656
9.75,,-235,1104359.5588160737,168300.0075166656
10.25,10.45,-236,1106859.5588160737,168300.0075166656
10.30,,-237,1109959.5588160737,168300.0075166656
10.35,9.75,-238,1112459.5588160737,168300.0075166656
10.20,,-240,1115072.7248089104,157500.00751666454
9.70,,-241,1112572.7248089104,157493.74245642356
10.15,10.65,-242,1110072.7248089104,157493.74245642356
10.10,10.45,-243,1106972.7248089104,157500.00751666454
9.60,,-244,1104472.7248089104,157493.74245642356
10.00,10.25,-245,1101972.7248089104,157500.00751666454
9.50,,-247,1096372.7248089104,157500.00751666256
9.85,,-248,1093872.7248089104,157500.00751666256
9.80,,-249,1093872.7248089104,151950.00737728455
9.40,,-251,1098872.7248089104,151950.00737728455
9.90,,-252,1101972.7248089104,151950.00737728455
9.55,,-253,1104472.7248089104,151950.00737728455
10.00,10.25,-254,1106972.7248089104,151950.00751666466
10.05,10.25,-255,1110072.7248089104,151950.00737728455
9.65,10.25,-256,1112572.7248089104,151950.00737728455
10.10,10.45,-257,1115072.7248089104,151950.00737728455
10.15,10.45,-258,1118122.7248089104,151950.00737728455
10.20,8.75,-259,1120622.72481519,151950.00737728455
,,-260,1122822.72481519,151326.50049570962
9.00,,-2448,1060266.7341842158,145310.0075002885
9.05,,-2449,1066966.7341842104,145310.0075002885
9.40,,-2450,1073866.7341842102,145310.0075002885
8.65,,-2451,1081543.3854029367,145310.0075002885
9.70,,-2452,1084043.3854029367,145310.0075002885
9.25,,-2418,1054066.7341842127,129840.00751666517
,,-2419,1056816.7341474146,129840.00751666511
9.65,,-2434,1084216.7341474146,135900.00751666262
9.65,,-2435,1081716.7341474146,135900.00751666262
9.70,,-2436,1079216.7341474146,135900.00751666262
9.70,,-2437,1076116.7341474146,135900.00751666262
9.75,,-2438,1073616.7341474146,135900.00751666262
9.75,,-2439,1071116.7341474146,135900.00751666262
9.80,,-2440,1068016.7341474146,135900.00751666262
9.85,,-2441,1065516.7341474146,135893.74245642163
9.85,,-2442,1062416.7341474146,135893.74245642163
9.90,,-2443,1059916.7341474146,135900.00751666262
9.15,,-2445,1054316.7341474146,135900.00751666262
,,-2446,1051816.7341474146,135900.00751666262
10.05,8.05,-262,1120659.5588160732,141650.00751666256
10.00,,-263,1118159.5588160732,141650.00751666256
9.95,,-264,1115109.5588160732,141650.00751666454
9.50,,-265,1112609.5588160732,141650.00751666454
9.85,8.75,-266,1110109.5588160732,141650.00751666454
9.85,,-267,1107009.5588160732,141650.00751666454
9.40,,-268,1104509.5588160732,141650.00751666454
9.75,,-269,1102009.5588160732,141650.00751666454
9.30,,-271,1096409.5588160732,141650.00751666454
9.65,,-272,1093909.5588160732,141650.00751666454
9.70,,-273,1093909.5588160732,136100.00751666664
9.35,,-275,1098909.5588160732,136100.00751666664
9.85,,-276,1102009.5588160732,136100.00751666664
9.45,,-277,1104509.5588160732,136100.00751666664
9.85,,-278,1107009.5588160732,136100.00751666664
9.85,,-279,1110109.5588160732,136100.00751666664
9.50,,-280,1112609.5588160732,136100.00751666664
9.95,,-281,1115109.5588160732,136100.00751666664
9.95,,-282,1118209.5588160732,136100.00751666873
9.60,,-283,1120709.5588160723,136100.00751666873
8.45,6.45,-284,1122909.559058524,135100.00799055156
9.70,7.95,-285,1127109.558822352,136100.0075166661
9.65,,-286,1129609.558822351,136100.00750724625
10.10,,-287,1132109.558822351,136100.00749825998
10.15,,-288,1135209.558822352,136100.00748970782
10.20,8.75,-289,1137709.558822352,136100.00748169326
10.25,,-290,1140809.558822352,136100.0074741123
10.35,,-292,1145809.558822352,136100.0074741123
10.40,,-293,1149109.558822352,136100.0074741123
9.95,,-294,1151609.558822352,136100.0074741123
10.45,,-295,1154109.558822352,136100.0074741123
10.55,,-296,1157209.558822352,136100.0074741123
10.10,,-297,1159709.558822352,136100.0074741123
10.60,,-298,1162209.558822352,136100.0074741123
10.65,,-299,1165309.558822352,136100.0074741123
,,-2100,1167616.7341904913,136100.0074741123
10.05,10.35,-2421,1060516.7341452858,122743.74244004714
10.10,12.35,-2422,1059470.7588825999,119368.1024627051
10.10,12.15,-2423,1061970.7588825999,119374.36752294605
15.40,,-2424,1065070.7593254247,119368.10244316536
15.35,,-2425,1067570.7596754548,119374.36748764846
15.40,,-2426,1070670.7596754548,119374.36748764846
14.80,,-2427,1073170.7595537624,119374.3674718906
9.90,,-2428,1075670.7595905608,119374.36741298508
,,-2429,1078770.7595905608,119374.36741298508
9.85,,-2430,1081270.7595905608,119374.36741298508
9.85,,-2431,1083770.7595537624,119374.36741298508
9.80,,-2432,1083052.068768022,122391.71707448312
9.75,,-2433,1083052.068768023,125191.72366585648
10.60,,-2102,1164966.7341904924,124550.00751666255
10.55,,-2103,1161866.7341904924,124550.00751666441
10.10,,-2104,1159366.7341904924,124550.00751666441
10.45,,-2105,1156866.7341904924,124550.00751666255
10.40,,-2106,1153766.7341904924,124550.00751666441
10.00,,-2107,1151266.7341904924,124550.00751666441
10.35,,-2108,1148766.7341904924,124550.00751666441
9.85,,-2110,1142966.7341904924,124550.00751666441
10.25,,-2111,1140466.7341904924,124543.74245642345
10.20,,-2112,1137366.7341904924,124543.74245642345
10.15,,-2113,1134866.7341904924,124550.00751666441
10.15,,-2114,1131766.7341835338,124543.74245642345
9.80,,-2115,1129266.7341835338,124550.00751324867
9.80,6.45,-2116,1126766.7341904915,124550.00751324867
9.80,9.45,-2117,1122866.734184213,124550.00751324867
9.75,,-2118,1120366.734184213,124550.00751324867
10.10,,-2119,1117866.734184213,124550.00751324867
10.10,,-2120,1114766.734184213,124550.00751324867
9.65,,-2121,1112266.734184213,124543.74245300771
10.00,,-2122,1109766.734184213,124543.74245300771
10.00,,-2123,1106666.734184213,124550.00751325053
9.55,,-2124,1104166.734184213,124543.74245300957
10.00,,-2125,1101666.734184213,124550.00751325053
9.50,,-2127,1096066.734184213,124550.00751325053
9.85,,-2128,1093566.734184213,124550.00751325053
9.95,,-2129,1093566.734184213,119150.00737387252
10.00,11.25,-2131,1098566.734184213,119150.00737387252
10.05,,-2132,1101666.734184213,119150.00737387252
,,-2133,1104166.734184213,119150.00737387252
10.10,,-2134,1106666.734184213,119150.00737387252
10.10,11.25,-2135,1109766.734184213,119150.00737387252
9.70,,-2136,1112266.734184213,119150.00737387252
10.15,,-2137,1114766.734184213,119150.00737387252
10.20,,-2138,1117866.734184213,119150.00737387252
9.80,,-2139,1120366.734184213,119150.00737387252
9.85,9.95,-2140,1122866.734184213,119150.00737387252
9.90,,-2141,1126766.7341904924,119143.74231363156
9.85,,-2142,1129266.7341904924,119143.74231363156
10.25,,-2143,1131766.7341835338,119150.00737387252
10.25,10.25,-2144,1134866.7341835338,119143.74231363156
10.25,,-2145,1137366.7341835338,119150.00737387252
10.30,,-2146,1140466.7341904999,119150.00737387252
10.40,,-2148,1145466.7341904999,119150.00737387252
10.45,,-2149,1148766.7341904999,119150.00737387252
10.05,8.55,-2150,1151266.7341904999,119150.00737387252
10.50,,-2151,1153766.7341904999,119150.00737387252
10.55,,-2152,1156866.7341904999,119150.00737387252
10.15,,-2153,1159366.7341904999,119150.00737387252
10.60,,-2154,1161866.7341904999,119150.00737387252
10.65,9.75,-2155,1164966.7341904999,119150.00737387252
10.70,6.75,-2156,1167466.7341904999,119150.00737387252
10.30,11.55,-2410,1081466.7341922023,107900.0075002871
9.20,,-2411,1078066.734434654,107893.74291392897
10.40,,-2412,1075866.7341922023,107893.74244004615
11.05,,-2413,1071434.5181122066,109401.50345789689
10.30,,-2414,1062166.7341904927,107893.74244004615
9.90,,-2415,1059666.7341904927,107900.0075002871
10.70,10.55,-2416,1057166.7341904927,107900.0075002871
10.90,10.4,-2389,1082966.734184213,49852.5693335868
10.10,,-2391,1082966.7341842134,55452.569333587264
10.40,,-2392,1082966.7341842134,57952.569333587264
10.00,9.15,-2394,1082966.7341842134,63552.569333578416
10.35,,-2395,1082966.7341842134,66052.56933357842
9.90,8.05,-2398,1082966.7341842134,74352.56933357842
9.85,7.95,-2399,1082966.7341842134,77852.56933357842
9.75,9.05,-2403,1082966.7341842134,88452.56933949162
10.05,,-2404,1082966.7341842134,90952.56933949208
10.10,10.05,-2406,1082966.7341842134,97152.56932766522
10.35,10.55,-2408,1082966.7341842134,103602.56931720204
10.75,,-2326,1116666.734190493,-1999.992477422155
10.95,,-2327,1114166.734190493,-1999.992477422155
10.95,11.15,-2328,1093566.7341842132,-1999.9924993883292
10.55,11.65,-2329,1089966.7341842132,-1999.9924993883292
10.50,10.85,-2330,1087316.7341842132,-1999.9924774223878
10.90,11.25,-2331,1084166.7341904927,-1999.9924774223878
10.80,12.45,-2333,1061566.734190493,-1999.992477422155
11.25,,-2334,1059066.734190493,-1999.992477422155
,,-2335,1051566.7341842037,8800.007544867887
10.75,12.55,-2337,1056566.7341842037,8800.007544867887
10.70,11.35,-2338,1059666.7341842037,8800.007544867887
10.65,12.35,-2339,1062166.7341842037,8800.007544867887
10.60,,-2340,1065266.7341842037,8800.007544867887
10.60,12.35,-2341,1067766.7341842037,8800.007544867887
10.90,,-2342,1070866.7341904924,8800.007522577846
10.55,,-2343,1073366.7341904924,8800.007522577846
10.85,12.35,-2344,1075866.7341904924,8800.007522577846
10.45,,-2345,1078966.7341904927,8800.007522577846
10.40,11.85,-2347,1083966.7341904927,8800.007522577846
10.05,,-2349,1081466.7341904927,14100.007544867654
10.40,11.85,-2350,1078966.7341904927,14100.007522577846
10.45,10.85,-2351,1075866.7341904924,14100.007522577846
10.15,,-2352,1073366.7341904924,14100.007544865559
10.50,11.85,-2353,1070866.7341904924,14100.007544865559
10.50,,-2354,1067766.7341842037,14100.007544865559
10.55,11.65,-2355,1065266.7341842037,14100.007544865559
10.60,11.65,-2356,1062166.7341842037,14100.007544865559
10.60,11.85,-2357,1059666.7341842037,14100.007544865559
10.35,,-2359,1054066.7341842037,14100.007544865559
10.35,10.35,-2360,1051566.7341842037,14100.007544865559
,,-2361,1051566.7341860025,24900.007383145236
10.55,11.85,-2363,1056566.7341860025,24900.007522575284
10.50,,-2364,1059666.7341860025,24900.007522575284
10.50,11.55,-2365,1062166.7341860025,24900.007522575284
10.45,11.85,-2366,1065266.7341860025,24900.007522575284
10.40,11.85,-2367,1067766.7341860025,24900.007522575284
10.40,,-2368,1070866.7341860025,24900.007522575284
10.00,,-2369,1073366.7341860025,24900.007522575284
10.35,11.85,-2370,1075866.7341860025,24900.007522575284
10.30,,-2371,1078966.7341860025,24900.007522575284
10.30,,-2373,1083966.7341860025,24900.007522575284
10.00,,-2375,1081466.7341868854,30200.007522575284
10.35,12.15,-2376,1078966.7341868854,30200.007522575284
10.40,,-2377,1075866.7341868854,30200.007379097708
10.05,,-2378,1073366.7341868854,30200.007379097708
10.45,,-2379,1070866.7341868854,30200.007379097708
10.50,12.15,-2380,1067766.7341868854,30200.00752174245
10.50,12.15,-2381,1065266.7341868854,30200.007380030427
10.55,11.15,-2382,1062166.7341868854,30200.007380030427
10.60,12.15,-2383,1059666.7341868854,30200.00752122603
9.80,,-2385,1054066.7341868854,30200.00752122603
,,-2386,1051566.7341868854,30200.00752122603
10.45,11.65,-2312,1093406.6568300046,8800.007522579475
10.50,12.35,-2314,1098406.6568300046,8800.007522579475
10.55,,-2315,1101506.6568300046,8800.007522579475
10.60,,-2316,1104006.6568300046,8800.007522579475
10.95,12.15,-2317,1106506.6568300046,8800.007522579475
10.55,,-2318,1109606.6568300046,8800.007522579475
10.25,12.35,-2319,1112106.6568300046,8800.007522579475
10.60,12.15,-2320,1114606.6568300046,8800.007522579475
10.65,,-2321,1117706.6568300046,8800.007522579475
10.35,,-2322,1120206.6568300046,8800.007522579475
10.70,12.55,-2323,1122706.6568300046,8800.007522579475
,,-2324,1125806.6568258565,8800.007522579475
,,-2299,1125806.6568258565,14274.846809510102
9.80,,-2300,1122706.6568258565,14274.846809510102
10.70,,-2301,1120206.6568258565,14274.846809510102
10.65,11.85,-2302,1117706.6568258565,14274.846809510102
10.60,11.85,-2303,1114606.6568258565,14274.846809510102
10.15,,-2304,1112106.6568258565,14274.846809510102
10.55,11.85,-2305,1109606.6568258565,14274.846809510102
10.50,,-2306,1106506.6568258565,14274.846809510102
10.15,,-2307,1104006.6568258565,14274.846809510102
10.50,11.85,-2308,1101506.6568258565,14274.846809507773
10.10,11.65,-2310,1095906.6568258565,14274.846809507773
10.40,11.65,-2311,1093406.6568258565,14274.846809505678
10.45,11.55,-2286,1093406.6568258565,24868.099347671454
10.50,11.85,-2288,1098406.6568258565,24868.099347671454
10.60,10.85,-2289,1101506.6568258565,24868.099347671454
10.20,11.65,-2290,1104006.6568258565,24868.099347671454
10.65,,-2291,1106506.6568258565,24868.099303089275
10.70,,-2292,1109606.6568258565,24868.09930309137
10.30,,-2293,1112106.6568258565,24868.099303089275
10.80,11.85,-2294,1114606.6568258565,24868.099303089275
10.85,11.85,-2295,1117706.6568258565,24868.099303089275
10.40,,-2296,1120206.6568258565,24868.099303089275
10.90,11.85,-2297,1122706.6568258565,24868.099303089275
10.50,10.35,-2298,1125806.6568258565,24868.099303089275
11.65,,-2273,1125806.6568258565,30027.59537502933
10.00,,-2274,1122706.6568258565,30027.59537502933
10.95,,-2275,1120206.6568258565,30027.59537502933
10.95,12.05,-2276,1117706.6568258565,30027.59537502933
10.90,12.05,-2277,1114606.6568258565,30027.59537502933
10.35,,-2278,1112106.6568258565,30027.59537502933
10.80,12.25,-2279,1109606.6568258565,30027.59537502933
11.25,,-2280,1106506.6568258565,30027.59537502933
10.70,,-2281,1104006.6568258565,30027.59537502933
10.65,,-2282,1101506.6568258565,30027.59537502933
10.15,12.05,-2284,1095906.6568258565,30027.59537502933
10.55,12.25,-2285,1093406.6568258565,30027.595375027468
11.25,10.85,-2272,1093216.7341842132,42474.22080348893
10.75,5.6,-2256,1092570.8887348373,97152.56932766522
10.15,,-2257,1094112.114106471,91115.65748864082
10.10,8.25,-2259,1094112.114106471,86115.65748864035
10.15,,-2260,1094112.114106471,83015.65748272785
9.80,8.25,-2261,1094112.114106471,80515.65748272739
9.85,3.1,-2262,1094112.1143489226,77815.65748272739
10.35,8.25,-2265,1094112.114106471,69515.65748272739
10.40,,-2266,1094112.114106471,66215.65748272739
10.45,9.35,-2268,1094112.114106471,61215.65748272739
10.50,,-2269,1094112.1141064612,58115.657482736235
10.55,,-2270,1094112.1141064612,55615.657482736235
,,-2271,1094112.1141064612,53115.657482736235
10.85,8.75,-2234,1167466.7341904999,108155.36899146887
10.85,8.55,-2235,1164966.7341904999,108155.36899146887
10.80,9.55,-2236,1161866.7341904999,108155.36899146887
10.30,9.55,-2237,1159366.7341904999,108155.36899146887
10.70,9.75,-2238,1156866.7341904999,108155.36899146678
10.65,9.75,-2239,1153766.7341866945,108155.36898791448
10.20,,-2240,1151266.7341881369,108155.3689913322
10.60,10.25,-2241,1148766.7341881369,108149.10393108915
10.10,,-2243,1143066.7341895523,108155.36899474783
10.45,10.05,-2244,1140566.7341909946,108149.10393450478
10.40,,-2245,1137066.7341895523,108155.36899474573
10.40,,-2246,1134566.7341909946,108155.36899816345
,,-2247,1130462.110421924,108557.16509826122
10.40,,-2248,1120366.7341904996,108155.36899816136
10.35,,-2249,1117866.7341904996,108155.36899816136
10.35,,-2250,1114766.7341904996,108155.36899816345
10.30,,-2251,1112266.7341904996,108155.36899816345
10.25,9.55,-2252,1103206.7572917778,109697.56086919976
9.70,,-2254,1096066.73418422,108155.36899816136
10.10,,-2255,1093566.7341904996,108155.36899816136
10.95,,-2233,1166373.660940128,103678.92368789746
11.00,11.05,-2231,1166373.660940128,98078.923687897
10.95,,-2232,1166373.660940128,101178.92368789746
12.25,11.65,-2201,1210363.7132624374,62706.19747015154
,,-2200,1214137.8184759938,61479.690283867254
12.30,,-2202,1210363.7132574625,59506.1974648919
11.20,,-2203,1210363.7132585507,57006.1974648919
11.70,,-2204,1210363.7132635254,54506.1974648919
11.10,,-2205,1199563.7132673902,54506.1974481019
11.05,,-2206,1199563.7132684784,57006.1974481019
12.10,,-2207,1199563.7132645918,59506.1974481019
12.05,11.85,-2208,1199563.7132645918,62606.197453333836
,,-2209,1195339.7033247119,61085.55390398712
12.00,,-2210,1192937.0214427642,61085.55390398712
11.95,,-2211,1189587.0214427642,61079.288843748254
11.40,,-2212,1187087.0214427642,61079.288843748254
11.85,11.8,-2213,1184587.0214427642,61085.55390398922
11.80,,-2214,1181237.0214427642,61079.288843748254
11.25,,-2215,1178737.0214427642,61085.55390398922
11.70,11.85,-2216,1176237.0214427642,61085.55390398724
11.65,11.85,-2217,1173137.0214427642,61085.55390398922
11.65,,-2218,1170637.0214427642,61085.55390398922
,,-2219,1166499.7408413102,65569.45439810395
11.45,,-2220,1166499.7408413102,68069.45439810395
10.90,,-2222,1166499.7408413102,73663.18933786299
11.30,,-2223,1166499.7408413102,76169.45439810395
11.25,,-2224,1166499.7408413102,79263.18933786299
11.20,8.85,-2226,1166499.7408413102,84269.45439810395
11.20,,-2227,1166499.7408413102,87369.45439810395
11.20,,-2228,1166499.741083763,89869.45012585954
11.35,,-2157,1176503.7660997207,88360.8771325808
11.45,,-2159,1181503.7660997207,88360.8771325808
11.50,,-2160,1184603.7660997207,88360.8771325808
11.55,,-2161,1187103.7660997207,88360.8771325808
11.60,,-2162,1189603.7660997207,88360.8771325808
,,-2163,1195253.7660997207,88360.8771325808
12.20,,-2164,1197753.7660997207,88360.8771325808
12.10,,-2165,1200803.7660997123,88360.8771325808
11.30,,-2166,1203303.7660997123,88360.8771325808
11.90,,-2167,1205803.7660997123,88360.8771325808
12.60,,-2168,1208903.7660997126,88360.8771325808
12.65,,-2169,1211587.3325864691,88360.8771325808
,,-2170,1214156.360692129,77473.63102339949
11.55,,-2171,1211656.360692129,77473.63102339949
11.95,11.85,-2172,1209156.3606921288,77473.63102339751
11.40,11.65,-2174,1203606.3606921288,77473.63102339949
11.85,11.85,-2175,1201106.360692129,77473.63102339949
11.25,11.65,-2177,1195506.3606921288,77473.63102339949
11.25,11.25,-2178,1193006.3606921288,77473.63102339751
11.20,,-2179,1189706.3606921288,77473.63102339751
11.15,,-2180,1187206.3606921288,77473.63102339751
11.60,11.85,-2181,1184706.3606921288,77473.63102339553
11.05,8.15,-2183,1179106.3606921288,77473.63102339553
11.45,,-2184,1176606.3606921288,77473.63102339355
11.55,,-2185,1176606.3606921288,72173.63088313823
11.60,11.15,-2187,1181606.3606921288,72173.63102341753
11.70,11.15,-2188,1184706.3606921288,72173.63088403929
11.25,,-2189,1187206.3606921288,72173.63088403929
11.30,,-2190,1189706.3606921288,72173.63088403929
11.35,,-2191,1193006.3606921288,72173.63088403929
11.90,11.35,-2193,1198006.3606921288,72173.63088314021
11.95,,-2194,1201106.3606921288,72173.63088314021
12.00,11.15,-2196,1206106.3606921288,72173.63088314033
12.05,11.15,-2197,1209156.3606921288,72173.63088314033
12.10,,-2198,1211656.360692129,72173.63088314033
,,-2199,1214156.360692129,72173.63088314033
